Sequence,Demand_ID,Flow_ID
1,488,980
2,120,54
3,598,315
4,9,598
5,993,737
6,888,269
7,748,336
8,603,382
9,464,198
10,756,468
11,349,490
12,106,264
13,141,596
14,189,834
15,788,415
16,535,666
17,369,167
18,523,674
19,669,658
20,1000,717
21,400,718
22,608,165
23,576,724
24,841,204
25,665,874
26,551,868
27,566,474
28,992,292
29,62,745
30,874,643
31,968,174
32,339,4
33,155,101
34,119,833
35,533,878
36,673,96
37,878,692
38,294,385
39,879,431
40,910,538
41,337,805
42,433,818
43,90,361
44,225,562
45,918,100
46,560,73
47,689,424
48,857,375
49,567,458
50,655,567
51,344,169
52,539,785
53,762,783
54,252,753
55,305,853
56,778,370
57,60,191
58,367,150
59,872,920
60,230,188
61,156,149
62,504,401
63,329,455
64,35,581
65,967,413
66,889,119
67,163,768
68,729,440
69,238,95
70,195,471
71,37,196
72,154,564
73,449,74
74,507,897
75,940,362
76,855,671
77,928,45
78,866,557
79,899,473
80,66,908
81,676,916
82,366,791
83,860,118
84,511,727
85,542,483
86,45,160
87,32,846
88,432,825
89,924,795
90,468,105
91,409,499
92,292,393
93,293,454
94,223,421
95,870,512
96,150,112
97,925,751
98,168,935
99,652,520
100,644,441
101,128,1000
102,816,809
103,800,848
104,825,913
105,126,800
106,335,279
107,847,525
108,110,669
109,802,52
110,725,814
111,407,353
112,348,127
113,534,453
114,39,249
115,774,486
116,229,862
117,914,738
118,178,305
119,414,183
120,943,407
121,707,733
122,256,281
123,688,561
124,489,613
125,666,794
126,578,476
127,871,655
128,25,56
129,776,432
130,942,7
131,301,812
132,236,972
133,836,527
134,114,128
135,463,341
136,698,756
137,742,83
138,269,629
139,814,786
140,780,394
141,829,628
142,317,757
143,440,137
144,494,369
145,479,250
146,619,61
147,24,211
148,850,235
149,83,677
150,510,638
151,661,776
152,130,446
153,313,33
154,746,517
155,104,720
156,131,294
157,956,133
158,541,577
159,996,41
160,423,116
161,623,994
162,176,301
163,977,560
164,303,970
165,446,563
166,270,775
167,674,953
168,254,452
169,86,38
170,151,244
171,637,178
172,191,893
173,117,350
174,192,328
175,343,3
176,646,343
177,188,379
178,635,566
179,873,867
180,955,909
181,868,175
182,867,317
183,15,545
184,134,240
185,749,579
186,420,265
187,371,154
188,568,710
189,625,200
190,641,963
191,129,364
192,818,856
193,109,961
194,602,777
195,709,438
196,672,576
197,58,713
198,456,687
199,896,398
200,284,464
201,399,487
202,795,969
203,306,644
204,201,179
205,684,574
206,222,660
207,640,219
208,53,209
209,478,234
210,387,34
211,285,180
212,278,556
213,522,599
214,262,752
215,844,555
216,237,309
217,273,376
218,804,193
219,966,312
220,767,92
221,123,575
222,103,495
223,391,267
224,946,802
225,198,68
226,808,290
227,174,732
228,85,377
229,260,2
230,314,588
231,559,354
232,477,501
233,443,171
234,384,515
235,863,690
236,895,672
237,205,803
238,33,273
239,323,748
240,105,176
241,182,84
242,362,726
243,242,934
244,537,976
245,296,260
246,638,780
247,480,648
248,508,760
249,852,620
250,714,952
251,929,457
252,102,524
253,364,695
254,832,14
255,799,889
256,496,275
257,227,481
258,949,51
259,208,860
260,988,75
261,907,894
262,308,989
263,377,186
264,332,635
265,469,787
266,261,11
267,974,502
268,76,144
269,970,391
270,939,900
271,617,773
272,538,911
273,486,830
274,921,925
275,898,626
276,19,799
277,78,388
278,97,704
279,624,532
280,127,322
281,781,914
282,408,371
283,474,247
284,862,392
285,307,195
286,276,796
287,442,845
288,18,339
289,21,140
290,597,631
291,429,595
292,515,65
293,630,840
294,166,274
295,810,865
296,697,504
297,52,381
298,917,731
299,920,734
300,531,998
301,101,81
302,315,246
303,731,427
304,290,667
305,169,627
306,737,402
307,758,601
308,426,102
309,289,19
310,197,233
311,396,325
312,372,152
313,226,995
314,864,419
315,706,488
316,610,821
317,499,494
318,654,651
319,543,447
320,153,592
321,17,459
322,779,236
323,310,510
324,664,513
325,971,950
326,476,896
327,660,714
328,159,303
329,803,790
330,438,624
331,92,725
332,291,869
333,880,689
334,217,941
